{
  "properties": {
    "connectionReferences": {
      "shared_dynamicssmbsaas": {
        "runtimeSource": "embedded",
        "connection": {
          "connectionReferenceLogicalName": "nps_shareddynamicssmbsaas_93528"
        },
        "api": {
          "name": "shared_dynamicssmbsaas"
        }
      },
      "shared_onedriveforbusiness": {
        "runtimeSource": "embedded",
        "connection": {
          "connectionReferenceLogicalName": "nps_sharedonedriveforbusiness_9446b"
        },
        "api": {
          "name": "shared_onedriveforbusiness"
        }
      }
    },
    "definition": {
      "$schema": "https://schema.management.azure.com/providers/Microsoft.Logic/schemas/2016-06-01/workflowdefinition.json#",
      "contentVersion": "1.0.0.0",
      "parameters": {
        "$authentication": {
          "defaultValue": {},
          "type": "SecureObject"
        },
        "$connections": {
          "defaultValue": {},
          "type": "Object"
        },
        "Environment (nps_Environment)": {
          "defaultValue": "Demo_BC27",
          "type": "String",
          "metadata": {
            "schemaName": "nps_Environment"
          }
        },
        "Company ID (nps_CompanyID)": {
          "defaultValue": "dd1a7722-2092-f011-b419-7c1e525db79a",
          "type": "String",
          "metadata": {
            "schemaName": "nps_CompanyID"
          }
        }
      },
      "triggers": {
        "manual": {
          "metadata": {},
          "type": "Request",
          "kind": "Http",
          "inputs": {
            "triggerAuthenticationType": "All",
            "method": "POST"
          }
        }
      },
      "actions": {
        "Condition": {
          "actions": {
            "Condition_1": {
              "actions": {
                "Parse_JSON": {
                  "type": "ParseJson",
                  "inputs": {
                    "content": "@triggerBody()",
                    "schema": {
                      "type": "object",
                      "properties": {
                        "name": {
                          "type": "string"
                        },
                        "extension": {
                          "type": "string"
                        },
                        "fileContent": {
                          "type": "string"
                        },
                        "mainAttachment": {
                          "type": "boolean"
                        },
                        "lineNo": {
                          "type": "integer"
                        },
                        "id": {
                          "type": "string"
                        },
                        "option": {
                          "type": "string"
                        }
                      }
                    }
                  }
                },
                "Find_one_record_(V3)": {
                  "runAfter": {
                    "Parse_JSON": [
                      "Succeeded"
                    ]
                  },
                  "type": "OpenApiConnection",
                  "inputs": {
                    "parameters": {
                      "bcenvironment": "@parameters('Environment (nps_Environment)')",
                      "company": "@parameters('Company ID (nps_CompanyID)')",
                      "dataset": "ein/onedrive/v1.0",
                      "table": "einSetups",
                      "body/NoThrowError": false
                    },
                    "host": {
                      "apiId": "/providers/Microsoft.PowerApps/apis/shared_dynamicssmbsaas",
                      "operationId": "GetFirstItemV3",
                      "connectionName": "shared_dynamicssmbsaas"
                    }
                  }
                },
                "Compose_Path": {
                  "runAfter": {
                    "Find_one_record_(V3)": [
                      "Succeeded"
                    ]
                  },
                  "type": "Compose",
                  "inputs": "@if(empty(outputs('Find_one_record_(V3)')?['body/attachmentSavePath'])\r\n,'/BusinessCentral',\r\noutputs('Find_one_record_(V3)')?['body/attachmentSavePath'])"
                },
                "Compose_binary": {
                  "runAfter": {
                    "Compose_Path": [
                      "Succeeded"
                    ]
                  },
                  "type": "Compose",
                  "inputs": "@base64ToBinary(body('Parse_JSON')?['fileContent'])"
                },
                "Create_file": {
                  "runAfter": {
                    "Compose_binary": [
                      "Succeeded"
                    ]
                  },
                  "type": "OpenApiConnection",
                  "inputs": {
                    "parameters": {
                      "folderPath": "@outputs('Compose_Path')",
                      "name": "@body('Parse_JSON')?['name']",
                      "body": "@outputs('Compose_binary')"
                    },
                    "host": {
                      "apiId": "/providers/Microsoft.PowerApps/apis/shared_onedriveforbusiness",
                      "operationId": "CreateFile",
                      "connectionName": "shared_onedriveforbusiness"
                    }
                  },
                  "runtimeConfiguration": {
                    "contentTransfer": {
                      "transferMode": "Chunked"
                    }
                  }
                },
                "Create_share_link": {
                  "runAfter": {
                    "Create_file": [
                      "Succeeded"
                    ]
                  },
                  "type": "OpenApiConnection",
                  "inputs": {
                    "parameters": {
                      "id": "@outputs('Create_file')?['body/Id']",
                      "type": "View",
                      "scope": "Anonymous"
                    },
                    "host": {
                      "apiId": "/providers/Microsoft.PowerApps/apis/shared_onedriveforbusiness",
                      "operationId": "CreateShareLinkV2",
                      "connectionName": "shared_onedriveforbusiness"
                    }
                  }
                },
                "Compose_2": {
                  "runAfter": {
                    "Create_share_link": [
                      "Succeeded"
                    ]
                  },
                  "type": "Compose",
                  "inputs": {
                    "fileId": "@{outputs('Create_file')?['body/Id']}",
                    "url": "@{outputs('Create_share_link')?['body/WebUrl']}"
                  }
                },
                "Response_1": {
                  "runAfter": {
                    "Compose_2": [
                      "Succeeded"
                    ]
                  },
                  "type": "Response",
                  "kind": "Http",
                  "inputs": {
                    "statusCode": 200,
                    "headers": {
                      "Content-Type": "application/json"
                    },
                    "body": "@outputs('Compose_2')"
                  }
                }
              },
              "else": {
                "actions": {
                  "Get_file_content": {
                    "type": "OpenApiConnection",
                    "inputs": {
                      "parameters": {
                        "id": "@outputs('Compose_3')?['content']",
                        "inferContentType": true
                      },
                      "host": {
                        "apiId": "/providers/Microsoft.PowerApps/apis/shared_onedriveforbusiness",
                        "operationId": "GetFileContent",
                        "connectionName": "shared_onedriveforbusiness"
                      }
                    }
                  },
                  "Base64_content": {
                    "runAfter": {
                      "Get_file_content": [
                        "Succeeded"
                      ]
                    },
                    "type": "Compose",
                    "inputs": "@base64(body('Get_file_content'))"
                  },
                  "Response": {
                    "runAfter": {
                      "Base64_content": [
                        "Succeeded"
                      ]
                    },
                    "type": "Response",
                    "kind": "Http",
                    "inputs": {
                      "statusCode": 200,
                      "headers": {
                        "Content-Type": "application/json"
                      },
                      "body": {
                        "content": "@{outputs('Base64_content')}"
                      }
                    }
                  }
                }
              },
              "expression": {
                "and": [
                  {
                    "equals": [
                      "@empty(outputs('Compose_3')?['content'])",
                      "@true"
                    ]
                  }
                ]
              },
              "type": "If"
            }
          },
          "runAfter": {
            "Compose_3": [
              "Succeeded"
            ]
          },
          "else": {
            "actions": {
              "Response_Ping": {
                "type": "Response",
                "kind": "Http",
                "inputs": {
                  "statusCode": 200,
                  "headers": {
                    "Content-Type": "application/json"
                  },
                  "body": {
                    "ping": "ok"
                  }
                }
              }
            }
          },
          "expression": {
            "and": [
              {
                "equals": [
                  "@empty(outputs('Compose_3')?['ping'])",
                  "@true"
                ]
              }
            ]
          },
          "type": "If"
        },
        "Compose_3": {
          "runAfter": {},
          "type": "Compose",
          "inputs": "@json(triggerBody())"
        }
      },
      "outputs": {}
    },
    "templateName": null
  },
  "schemaVersion": "1.0.0.0"
}